symbol,timestamp,funding_rate
BTC_USDT,2026-09-01T12:00:00Z,0.00022326
BTC_USDT,2026-09-02T12:00:00Z,0.00019812
BTC_USDT,2026-09-03T12:00:00Z,0.00022046
BTC_USDT,2026-09-04T12:00:00Z,0.00019511
BTC_USDT,2026-09-05T12:00:00Z,0.00002787
BTC_USDT,2026-09-06T12:00:00Z,0.00008697
BTC_USDT,2026-09-07T12:00:00Z,0.00008090
BTC_USDT,2026-09-08T12:00:00Z,0.00021751
BTC_USDT,2026-09-09T12:00:00Z,0.00018703
BTC_USDT,2026-09-10T12:00:00Z,0.00018630
BTC_USDT,2026-09-11T12:00:00Z,0.00012721
ETH_USDT,2026-09-01T12:00:00Z,0.00015385
ETH_USDT,2026-09-02T12:00:00Z,0.00010372
ETH_USDT,2026-09-03T12:00:00Z,0.00026158
ETH_USDT,2026-09-04T12:00:00Z,0.00016131
ETH_USDT,2026-09-05T12:00:00Z,0.00009965
ETH_USDT,2026-09-06T12:00:00Z,0.00016010
ETH_USDT,2026-09-07T12:00:00Z,0.00010577
ETH_USDT,2026-09-08T12:00:00Z,0.00008967
ETH_USDT,2026-09-09T12:00:00Z,0.00016822
ETH_USDT,2026-09-10T12:00:00Z,-0.00006885
ETH_USDT,2026-09-11T12:00:00Z,0.00011740
SOL_USDT,2026-09-01T12:00:00Z,-0.00009188
SOL_USDT,2026-09-02T12:00:00Z,0.00001805
SOL_USDT,2026-09-03T12:00:00Z,0.00012280
SOL_USDT,2026-09-04T12:00:00Z,0.00002422
SOL_USDT,2026-09-05T12:00:00Z,0.00007960
SOL_USDT,2026-09-06T12:00:00Z,0.00018536
SOL_USDT,2026-09-07T12:00:00Z,0.00002349
SOL_USDT,2026-09-08T12:00:00Z,0.00004317
SOL_USDT,2026-09-09T12:00:00Z,-0.00004005
SOL_USDT,2026-09-10T12:00:00Z,-0.00014905
SOL_USDT,2026-09-11T12:00:00Z,0.00008962
XRP_USDT,2026-09-01T12:00:00Z,0.00018929
XRP_USDT,2026-09-02T12:00:00Z,0.00024483
XRP_USDT,2026-09-03T12:00:00Z,0.00023496
XRP_USDT,2026-09-04T12:00:00Z,0.00021093
XRP_USDT,2026-09-05T12:00:00Z,-0.00005931
XRP_USDT,2026-09-06T12:00:00Z,0.00001733
XRP_USDT,2026-09-07T12:00:00Z,0.00014699
XRP_USDT,2026-09-08T12:00:00Z,0.00014488
XRP_USDT,2026-09-09T12:00:00Z,0.00005806
XRP_USDT,2026-09-10T12:00:00Z,-0.00017467
XRP_USDT,2026-09-11T12:00:00Z,0.00004803
DOGE_USDT,2026-09-01T12:00:00Z,0.00025065
DOGE_USDT,2026-09-02T12:00:00Z,0.00028029
DOGE_USDT,2026-09-03T12:00:00Z,0.00027590
DOGE_USDT,2026-09-04T12:00:00Z,0.00025403
DOGE_USDT,2026-09-05T12:00:00Z,0.00022405
DOGE_USDT,2026-09-06T12:00:00Z,0.00028146
DOGE_USDT,2026-09-07T12:00:00Z,0.00026938
DOGE_USDT,2026-09-08T12:00:00Z,0.00016569
DOGE_USDT,2026-09-09T12:00:00Z,0.00018022
DOGE_USDT,2026-09-10T12:00:00Z,-0.00002126
DOGE_USDT,2026-09-11T12:00:00Z,0.00009547
BNB_USDT,2026-09-01T12:00:00Z,0.00002811
BNB_USDT,2026-09-02T12:00:00Z,0.00010623
BNB_USDT,2026-09-03T12:00:00Z,0.00022159
BNB_USDT,2026-09-04T12:00:00Z,0.00027381
BNB_USDT,2026-09-05T12:00:00Z,0.00018905
BNB_USDT,2026-09-06T12:00:00Z,0.00010104
BNB_USDT,2026-09-07T12:00:00Z,0.00015308
BNB_USDT,2026-09-08T12:00:00Z,0.00004501
BNB_USDT,2026-09-09T12:00:00Z,0.00000000
BNB_USDT,2026-09-10T12:00:00Z,0.00000000
BNB_USDT,2026-09-11T12:00:00Z,0.00000000
ADA_USDT,2026-09-01T12:00:00Z,0.00002945
ADA_USDT,2026-09-02T12:00:00Z,0.00018649
ADA_USDT,2026-09-03T12:00:00Z,0.00029514
ADA_USDT,2026-09-04T12:00:00Z,0.00030000
ADA_USDT,2026-09-05T12:00:00Z,-0.00000026
ADA_USDT,2026-09-06T12:00:00Z,0.00030000
ADA_USDT,2026-09-07T12:00:00Z,0.00026738
ADA_USDT,2026-09-08T12:00:00Z,0.00025197
ADA_USDT,2026-09-09T12:00:00Z,-0.00009165
ADA_USDT,2026-09-10T12:00:00Z,0.00012903
ADA_USDT,2026-09-11T12:00:00Z,0.00012120
LINK_USDT,2026-09-01T12:00:00Z,0.00026750
LINK_USDT,2026-09-02T12:00:00Z,0.00022044
LINK_USDT,2026-09-03T12:00:00Z,0.00028574
LINK_USDT,2026-09-04T12:00:00Z,0.00019023
LINK_USDT,2026-09-05T12:00:00Z,0.00022622
LINK_USDT,2026-09-06T12:00:00Z,0.00030000
LINK_USDT,2026-09-07T12:00:00Z,0.00024835
LINK_USDT,2026-09-08T12:00:00Z,0.00004300
LINK_USDT,2026-09-09T12:00:00Z,0.00008587
LINK_USDT,2026-09-10T12:00:00Z,0.00007540
LINK_USDT,2026-09-11T12:00:00Z,-0.00004037
SUI_USDT,2026-09-01T12:00:00Z,0.00017303
SUI_USDT,2026-09-02T12:00:00Z,0.00021809
SUI_USDT,2026-09-03T12:00:00Z,0.00026239
SUI_USDT,2026-09-04T12:00:00Z,0.00030000
SUI_USDT,2026-09-05T12:00:00Z,0.00030000
SUI_USDT,2026-09-06T12:00:00Z,0.00029055
SUI_USDT,2026-09-07T12:00:00Z,0.00013924
SUI_USDT,2026-09-08T12:00:00Z,0.00015432
SUI_USDT,2026-09-09T12:00:00Z,0.00008729
SUI_USDT,2026-09-10T12:00:00Z,-0.00007687
SUI_USDT,2026-09-11T12:00:00Z,-0.00001682
ENA_USDT,2026-09-01T12:00:00Z,0.00027319
ENA_USDT,2026-09-02T12:00:00Z,0.00010044
ENA_USDT,2026-09-03T12:00:00Z,0.00022852
ENA_USDT,2026-09-04T12:00:00Z,0.00012776
ENA_USDT,2026-09-05T12:00:00Z,0.00004286
ENA_USDT,2026-09-06T12:00:00Z,0.00011753
ENA_USDT,2026-09-07T12:00:00Z,0.00009780
ENA_USDT,2026-09-08T12:00:00Z,0.00004077
ENA_USDT,2026-09-09T12:00:00Z,-0.00003102
ENA_USDT,2026-09-10T12:00:00Z,0.00018351
ENA_USDT,2026-09-11T12:00:00Z,0.00013942
